Year,seaLevel
2014,0
2015,0.003
2016,0.006
2017,0.009
2018,0.012
2019,0.015
2020,0.018
2021,0.021
2022,0.024
2023,0.027
2024,0.03
2025,0.033
2026,0.036
2027,0.039
2028,0.042
2029,0.045
2030,0.048
2031,0.051
2032,0.054
2033,0.057
2034,0.06
2035,0.063
2036,0.066
2037,0.069
2038,0.072
2039,0.075
2040,0.078
2041,0.081
2042,0.084
2043,0.087
2044,0.09
2045,0.093
2046,0.096
2047,0.099
2048,0.102
2049,0.105
2050,0.108
2051,0.111
2052,0.114
2053,0.117
2054,0.12
2055,0.123
2056,0.126
2057,0.129
2058,0.132
2059,0.135
2060,0.138
2061,0.141
2062,0.144
2063,0.147
2064,0.15
2065,0.153
2066,0.156
2067,0.159
2068,0.162
2069,0.165
2070,0.168
2071,0.171
2072,0.174
2073,0.177
2074,0.18
2075,0.183
2076,0.186
2077,0.189
2078,0.192
2079,0.195
2080,0.198
2081,0.201
2082,0.204
2083,0.207
2084,0.21
2085,0.213
2086,0.216
2087,0.219
2088,0.222
2089,0.225
2090,0.228
2091,0.231
2092,0.234
2093,0.237
2094,0.24
2095,0.243
2096,0.246
2097,0.249
2098,0.252
2099,0.255
2100,0.258
2101,0.261
2102,0.264
2103,0.267
2104,0.27
2105,0.273
2106,0.276
2107,0.279
2108,0.282
2109,0.285
2110,0.288
2111,0.291
2112,0.294
2113,0.297
2114,0.3
2115,0.303
2116,0.306
2117,0.309
2118,0.312
2119,0.315
2120,0.318
2121,0.321
2122,0.324
2123,0.327
2124,0.33
2125,0.333
2126,0.336
2127,0.339
2128,0.342
2129,0.345
2130,0.348
2131,0.351
2132,0.354
2133,0.357
2134,0.36
2135,0.363
2136,0.366
2137,0.369
2138,0.372
2139,0.375
2140,0.378
2141,0.381
2142,0.384
2143,0.387
2144,0.39
2145,0.393
2146,0.396
2147,0.399
2148,0.402
2149,0.405
2150,0.408
2151,0.411
2152,0.414
2153,0.417
2154,0.42
2155,0.423
2156,0.426
2157,0.429
2158,0.432
2159,0.435
2160,0.438
2161,0.441
2162,0.444
2163,0.447
2164,0.45
2165,0.453
2166,0.456
2167,0.459
2168,0.462
2169,0.465
2170,0.468
2171,0.471
2172,0.474
2173,0.477
2174,0.48
2175,0.483
2176,0.486
2177,0.489
2178,0.492
2179,0.495
2180,0.498
2181,0.501
2182,0.504
2183,0.507
2184,0.51
2185,0.513
2186,0.516
2187,0.519
2188,0.522
2189,0.525
2190,0.528
2191,0.531
2192,0.534
2193,0.537
2194,0.54
2195,0.543
2196,0.546
2197,0.549
2198,0.552
2199,0.555
2200,0.558
2201,0.561
2202,0.564
2203,0.567
2204,0.57
2205,0.573
2206,0.576
2207,0.579
2208,0.582
2209,0.585
2210,0.588
2211,0.591
2212,0.594
2213,0.597
2214,0.6
2215,0.603
2216,0.606
2217,0.609
2218,0.612
2219,0.615
2220,0.618
2221,0.621
2222,0.624
2223,0.627
2224,0.63
2225,0.633
2226,0.636
2227,0.639
2228,0.642
2229,0.645
2230,0.648
2231,0.651
2232,0.654
2233,0.657
2234,0.66
2235,0.663
2236,0.666
2237,0.669
2238,0.672
2239,0.675
2240,0.678
2241,0.681
2242,0.684
2243,0.687
2244,0.69
2245,0.693
2246,0.696
2247,0.699
2248,0.702
2249,0.705
2250,0.708
2251,0.711
2252,0.714
2253,0.717
2254,0.72
2255,0.723
2256,0.726
2257,0.729
2258,0.732
2259,0.735
2260,0.738
2261,0.741
2262,0.744
2263,0.747
2264,0.75
2265,0.753
2266,0.756
2267,0.759
2268,0.762
2269,0.765
2270,0.768
2271,0.771
2272,0.774
2273,0.777
2274,0.78
2275,0.783
2276,0.786
2277,0.789
2278,0.792
2279,0.795
2280,0.798
2281,0.801
2282,0.804
2283,0.807
2284,0.81
2285,0.813
2286,0.816
2287,0.819
2288,0.822
2289,0.825
2290,0.828
2291,0.831
2292,0.834
2293,0.837
2294,0.84
2295,0.843
2296,0.846
2297,0.849
2298,0.852
2299,0.855
2300,0.858
2301,0.861
2302,0.864
2303,0.867
2304,0.87
2305,0.873
2306,0.876
2307,0.879
2308,0.882
2309,0.885
2310,0.888
2311,0.891
2312,0.894
2313,0.897
2314,0.9
2315,0.903
2316,0.906
2317,0.909
2318,0.912
2319,0.915
2320,0.918
2321,0.921
2322,0.924
2323,0.927
2324,0.93
2325,0.933
2326,0.936
2327,0.939
2328,0.942
2329,0.945
2330,0.948
2331,0.951
2332,0.954
2333,0.957
2334,0.96
2335,0.963
2336,0.966
2337,0.969
2338,0.972
2339,0.975
2340,0.978
2341,0.981
2342,0.984
2343,0.987
2344,0.99
2345,0.993
2346,0.996
2347,0.999
2348,1.002
2349,1.005
2350,1.008
2351,1.011
2352,1.014
2353,1.017
2354,1.02
2355,1.023
2356,1.026
2357,1.029
2358,1.032
2359,1.035
2360,1.038
2361,1.041
2362,1.044
2363,1.047
2364,1.05
2365,1.053
2366,1.056
2367,1.059
2368,1.062
2369,1.065
2370,1.068
2371,1.071
2372,1.074
2373,1.077
2374,1.08
2375,1.083
2376,1.086
2377,1.089
2378,1.092
2379,1.095
2380,1.098
2381,1.101
2382,1.104
2383,1.107
2384,1.11
2385,1.113
2386,1.116
2387,1.119
2388,1.122
2389,1.125
2390,1.128
2391,1.131
2392,1.134
2393,1.137
2394,1.14
2395,1.143
2396,1.146
2397,1.149
2398,1.152
2399,1.155
2400,1.158
2401,1.161
2402,1.164
2403,1.167
2404,1.17
2405,1.173
2406,1.176
2407,1.179
2408,1.182
2409,1.185
2410,1.188
2411,1.191
2412,1.194
2413,1.197
2414,1.2
2415,1.203
2416,1.206
2417,1.209
2418,1.212
2419,1.215
2420,1.218
2421,1.221
2422,1.224
2423,1.227
2424,1.23
2425,1.233
2426,1.236
2427,1.239
2428,1.242
2429,1.245
2430,1.248
2431,1.251
2432,1.254
2433,1.257
2434,1.26
2435,1.263
2436,1.266
2437,1.269
2438,1.272
2439,1.275
2440,1.278
2441,1.281
2442,1.284
2443,1.287
2444,1.29
2445,1.293
2446,1.296
2447,1.299
2448,1.302
2449,1.305
2450,1.308
2451,1.311
2452,1.314
2453,1.317
2454,1.32
2455,1.323
2456,1.326
2457,1.329
2458,1.332
2459,1.335
2460,1.338
2461,1.341
2462,1.344
2463,1.347
2464,1.35
2465,1.353
2466,1.356
2467,1.359
2468,1.362
2469,1.365
2470,1.368
2471,1.371
2472,1.374
2473,1.377
2474,1.38
2475,1.383
2476,1.386
2477,1.389
2478,1.392
2479,1.395
2480,1.398
2481,1.401
2482,1.404
2483,1.407
2484,1.41
2485,1.413
2486,1.416
2487,1.419
2488,1.422
2489,1.425
2490,1.428
2491,1.431
2492,1.434
2493,1.437
2494,1.44
2495,1.443
2496,1.446
2497,1.449
2498,1.452
2499,1.455
2500,1.458
2501,1.461
2502,1.464
2503,1.467
2504,1.47
2505,1.473
2506,1.476
2507,1.479
2508,1.482
2509,1.485
2510,1.488
2511,1.491
2512,1.494
2513,1.497
2514,1.5
2515,1.503
2516,1.506
2517,1.509
2518,1.512
2519,1.515
2520,1.518
2521,1.521
2522,1.524
2523,1.527
2524,1.53
2525,1.533
2526,1.536
2527,1.539
2528,1.542
2529,1.545
2530,1.548
2531,1.551
2532,1.554
2533,1.557
2534,1.56
2535,1.563
2536,1.566
2537,1.569
2538,1.572
2539,1.575
2540,1.578
2541,1.581
2542,1.584
2543,1.587
2544,1.59
2545,1.593
2546,1.596
2547,1.599
2548,1.602
2549,1.605
2550,1.608
2551,1.611
2552,1.614
2553,1.617
2554,1.62
2555,1.623
2556,1.626
2557,1.629
2558,1.632
2559,1.635
2560,1.638
2561,1.641
2562,1.644
2563,1.647
2564,1.65
2565,1.653
2566,1.656
2567,1.659
2568,1.662
2569,1.665
2570,1.668
2571,1.671
2572,1.674
2573,1.677
2574,1.68
2575,1.683
2576,1.686
2577,1.689
2578,1.692
2579,1.695
2580,1.698
2581,1.701
2582,1.704
2583,1.707
2584,1.71
2585,1.713
2586,1.716
2587,1.719
2588,1.722
2589,1.725
2590,1.728
2591,1.731
2592,1.734
2593,1.737
2594,1.74
2595,1.743
2596,1.746
2597,1.749
2598,1.752
2599,1.755
2600,1.758
2601,1.761
2602,1.764
2603,1.767
2604,1.77
2605,1.773
2606,1.776
2607,1.779
2608,1.782
2609,1.785
2610,1.788
2611,1.791
2612,1.794
2613,1.797
2614,1.8
2615,1.803
2616,1.806
2617,1.809
2618,1.812
2619,1.815
2620,1.818
2621,1.821
2622,1.824
2623,1.827
2624,1.83
2625,1.833
2626,1.836
2627,1.839
2628,1.842
2629,1.845
2630,1.848
2631,1.851
2632,1.854
2633,1.857
2634,1.86
2635,1.863
2636,1.866
2637,1.869
2638,1.872
2639,1.875
2640,1.878
2641,1.881
2642,1.884
2643,1.887
2644,1.89
2645,1.893
2646,1.896
2647,1.899
2648,1.902
2649,1.905
2650,1.908
2651,1.911
2652,1.914
2653,1.917
2654,1.92
2655,1.923
2656,1.926
2657,1.929
2658,1.932
2659,1.935
2660,1.938
2661,1.941
2662,1.944
2663,1.947
2664,1.95
2665,1.953
2666,1.956
2667,1.959
2668,1.962
2669,1.965
2670,1.968
2671,1.971
2672,1.974
2673,1.977
2674,1.98
2675,1.983
2676,1.986
2677,1.989
2678,1.992
2679,1.995
2680,1.998
2681,2.001
2682,2.004
2683,2.007
2684,2.01
2685,2.013
2686,2.016
2687,2.019
2688,2.022
2689,2.025
2690,2.028
2691,2.031
2692,2.034
2693,2.037
2694,2.04
2695,2.043
2696,2.046
2697,2.049
2698,2.052
2699,2.055
2700,2.058
2701,2.061
2702,2.064
2703,2.067
2704,2.07
2705,2.073
2706,2.076
2707,2.079
2708,2.082
2709,2.085
2710,2.088
2711,2.091
2712,2.094
2713,2.097
2714,2.1
2715,2.103
2716,2.106
2717,2.109
2718,2.112
2719,2.115
2720,2.118
2721,2.121
2722,2.124
2723,2.127
2724,2.13
2725,2.133
2726,2.136
2727,2.139
2728,2.142
2729,2.145
2730,2.148
2731,2.151
2732,2.154
2733,2.157
2734,2.16
2735,2.163
2736,2.166
2737,2.169
2738,2.172
2739,2.175
2740,2.178
2741,2.181
2742,2.184
2743,2.187
2744,2.19
2745,2.193
2746,2.196
2747,2.199
2748,2.202
2749,2.205
2750,2.208
2751,2.211
2752,2.214
2753,2.217
2754,2.22
2755,2.223
2756,2.226
2757,2.229
2758,2.232
2759,2.235
2760,2.238
2761,2.241
2762,2.244
2763,2.247
2764,2.25
2765,2.253
2766,2.256
2767,2.259
2768,2.262
2769,2.265
2770,2.268
2771,2.271
2772,2.274
2773,2.277
2774,2.28
2775,2.283
2776,2.286
2777,2.289
2778,2.292
2779,2.295
2780,2.298
2781,2.301
2782,2.304
2783,2.307
2784,2.31
2785,2.313
2786,2.316
2787,2.319
2788,2.322
2789,2.325
2790,2.328
2791,2.331
2792,2.334
2793,2.337
2794,2.34
2795,2.343
2796,2.346
2797,2.349
2798,2.352
2799,2.355
2800,2.358
2801,2.361
2802,2.364
2803,2.367
2804,2.37
2805,2.373
2806,2.376
2807,2.379
2808,2.382
2809,2.385
2810,2.388
2811,2.391
2812,2.394
2813,2.397
2814,2.4
2815,2.403
2816,2.406
2817,2.409
2818,2.412
2819,2.415
2820,2.418
2821,2.421
2822,2.424
2823,2.427
2824,2.43
2825,2.433
2826,2.436
2827,2.439
2828,2.442
2829,2.445
2830,2.448
2831,2.451
2832,2.454
2833,2.457
2834,2.46
2835,2.463
2836,2.466
2837,2.469
2838,2.472
2839,2.475
2840,2.478
2841,2.481
2842,2.484
2843,2.487
2844,2.49
2845,2.493
2846,2.496
2847,2.499
2848,2.502
2849,2.505
2850,2.508
2851,2.511
2852,2.514
2853,2.517
2854,2.52
2855,2.523
2856,2.526
2857,2.529
2858,2.532
2859,2.535
2860,2.538
2861,2.541
2862,2.544
2863,2.547
2864,2.55
2865,2.553
2866,2.556
2867,2.559
2868,2.562
2869,2.565
2870,2.568
2871,2.571
2872,2.574
2873,2.577
2874,2.58
2875,2.583
2876,2.586
2877,2.589
2878,2.592
2879,2.595
2880,2.598
2881,2.601
2882,2.604
2883,2.607
2884,2.61
2885,2.613
2886,2.616
2887,2.619
2888,2.622
2889,2.625
2890,2.628
2891,2.631
2892,2.634
2893,2.637
2894,2.64
2895,2.643
2896,2.646
2897,2.649
2898,2.652
2899,2.655
2900,2.658
2901,2.661
2902,2.664
2903,2.667
2904,2.67
2905,2.673
2906,2.676
2907,2.679
2908,2.682
2909,2.685
2910,2.688
2911,2.691
2912,2.694
2913,2.697
2914,2.7
2915,2.703
2916,2.706
2917,2.709
2918,2.712
2919,2.715
2920,2.718
2921,2.721
2922,2.724
2923,2.727
2924,2.73
2925,2.733
2926,2.736
2927,2.739
2928,2.742
2929,2.745
2930,2.748
2931,2.751
2932,2.754
2933,2.757
2934,2.76
2935,2.763
2936,2.766
2937,2.769
2938,2.772
2939,2.775
2940,2.778
2941,2.781
2942,2.784
2943,2.787
2944,2.79
2945,2.793
2946,2.796
2947,2.799
2948,2.802
2949,2.805
2950,2.808
2951,2.811
2952,2.814
2953,2.817
2954,2.82
2955,2.823
2956,2.826
2957,2.829
2958,2.832
2959,2.835
2960,2.838
2961,2.841
2962,2.844
2963,2.847
2964,2.85
2965,2.853
2966,2.856
2967,2.859
2968,2.862
2969,2.865
2970,2.868
2971,2.871
2972,2.874
2973,2.877
2974,2.88
2975,2.883
2976,2.886
2977,2.889
2978,2.892
2979,2.895
2980,2.898
2981,2.901
2982,2.904
2983,2.907
2984,2.91
2985,2.913
2986,2.916
2987,2.919
2988,2.922
2989,2.925
2990,2.928
2991,2.931
2992,2.934
2993,2.937
2994,2.94
2995,2.943
2996,2.946
2997,2.949
2998,2.952
2999,2.955
3000,2.958
3001,2.961
3002,2.964
3003,2.967
3004,2.97
3005,2.973
3006,2.976
3007,2.979
3008,2.982
3009,2.985
3010,2.988
3011,2.991
3012,2.994
3013,2.997
3014,3
3015,3.003
3016,3.006
3017,3.009
3018,3.012
3019,3.015
3020,3.018
3021,3.021
3022,3.024
3023,3.027
3024,3.03
3025,3.033
3026,3.036
3027,3.039
3028,3.042
3029,3.045
3030,3.048
3031,3.051
3032,3.054
3033,3.057
3034,3.06
3035,3.063
3036,3.066
3037,3.069
3038,3.072
3039,3.075
3040,3.078
3041,3.081
3042,3.084
3043,3.087
3044,3.09
3045,3.093
3046,3.096
3047,3.099
3048,3.102
3049,3.105
3050,3.108
3051,3.111
3052,3.114
3053,3.117
3054,3.12
3055,3.123
3056,3.126
3057,3.129
3058,3.132
3059,3.135
3060,3.138
3061,3.141
3062,3.144
3063,3.147
3064,3.15
3065,3.153
3066,3.156
3067,3.159
3068,3.162
3069,3.165
3070,3.168
3071,3.171
3072,3.174
3073,3.177
3074,3.18
3075,3.183
3076,3.186
3077,3.189
3078,3.192
3079,3.195
3080,3.198
3081,3.201
3082,3.204
3083,3.207
3084,3.21
3085,3.213
3086,3.216
3087,3.219
3088,3.222
3089,3.225
3090,3.228
3091,3.231
3092,3.234
3093,3.237
3094,3.24
3095,3.243
3096,3.246
3097,3.249
3098,3.252
3099,3.255
3100,3.258
3101,3.261
3102,3.264
3103,3.267
3104,3.27
3105,3.273
3106,3.276
3107,3.279
3108,3.282
3109,3.285
3110,3.288
3111,3.291
3112,3.294
3113,3.297
3114,3.3
3115,3.303
3116,3.306
3117,3.309
3118,3.312
3119,3.315
3120,3.318
3121,3.321
3122,3.324
3123,3.327
3124,3.33
3125,3.333
3126,3.336
3127,3.339
3128,3.342
3129,3.345
3130,3.348
3131,3.351
3132,3.354
3133,3.357
3134,3.36
3135,3.363
3136,3.366
3137,3.369
3138,3.372
3139,3.375
3140,3.378
3141,3.381
3142,3.384
3143,3.387
3144,3.39
3145,3.393
3146,3.396
3147,3.399
3148,3.402
3149,3.405
3150,3.408
3151,3.411
3152,3.414
3153,3.417
3154,3.42
3155,3.423
3156,3.426
3157,3.429
3158,3.432
3159,3.435
3160,3.438
3161,3.441
3162,3.444
3163,3.447
3164,3.45
3165,3.453
3166,3.456
3167,3.459
3168,3.462
3169,3.465
3170,3.468
3171,3.471
3172,3.474
3173,3.477
3174,3.48
3175,3.483
3176,3.486
3177,3.489
3178,3.492
3179,3.495
3180,3.498
3181,3.501
3182,3.504
3183,3.507
3184,3.51
3185,3.513
3186,3.516
3187,3.519
3188,3.522
3189,3.525
3190,3.528
3191,3.531
3192,3.534
3193,3.537
3194,3.54
3195,3.543
3196,3.546
3197,3.549
3198,3.552
3199,3.555
3200,3.558
3201,3.561
3202,3.564
3203,3.567
3204,3.57
3205,3.573
3206,3.576
3207,3.579
3208,3.582
3209,3.585
3210,3.588
3211,3.591
3212,3.594
3213,3.597
3214,3.6
3215,3.603
3216,3.606
3217,3.609
3218,3.612
3219,3.615
3220,3.618
3221,3.621
3222,3.624
3223,3.627
3224,3.63
3225,3.633
3226,3.636
3227,3.639
3228,3.642
3229,3.645
3230,3.648
3231,3.651
3232,3.654
3233,3.657
3234,3.66
3235,3.663
3236,3.666
3237,3.669
3238,3.672
3239,3.675
3240,3.678
3241,3.681
3242,3.684
3243,3.687
3244,3.69
3245,3.693
3246,3.696
3247,3.699
3248,3.702
3249,3.705
3250,3.708
3251,3.711
3252,3.714
3253,3.717
3254,3.72
3255,3.723
3256,3.726
3257,3.729
3258,3.732
3259,3.735
3260,3.738
3261,3.741
3262,3.744
3263,3.747
3264,3.75
3265,3.753
3266,3.756
3267,3.759
3268,3.762
3269,3.765
3270,3.768
3271,3.771
3272,3.774
3273,3.777
3274,3.78
3275,3.783
3276,3.786
3277,3.789
3278,3.792
3279,3.795
3280,3.798
3281,3.801
3282,3.804
3283,3.807
3284,3.81
3285,3.813
3286,3.816
3287,3.819
3288,3.822
3289,3.825
3290,3.828
3291,3.831
3292,3.834
3293,3.837
3294,3.84
3295,3.843
3296,3.846
3297,3.849
3298,3.852
3299,3.855
3300,3.858
3301,3.861
3302,3.864
3303,3.867
3304,3.87
3305,3.873
3306,3.876
3307,3.879
3308,3.882
3309,3.885
3310,3.888
3311,3.891
3312,3.894
3313,3.897
3314,3.9
3315,3.903
3316,3.906
3317,3.909
3318,3.912
3319,3.915
3320,3.918
3321,3.921
3322,3.924
3323,3.927
3324,3.93
3325,3.933
3326,3.936
3327,3.939
3328,3.942
3329,3.945
3330,3.948
3331,3.951
3332,3.954
3333,3.957
3334,3.96
3335,3.963
3336,3.966
3337,3.969
3338,3.972
3339,3.975
3340,3.978
3341,3.981
3342,3.984
3343,3.987
3344,3.99
3345,3.993
3346,3.996
3347,3.999
3348,4.002
3349,4.005
3350,4.008
3351,4.011
3352,4.014
3353,4.017
3354,4.02
3355,4.023
3356,4.026
3357,4.029
3358,4.032
3359,4.035
3360,4.038
3361,4.041
3362,4.044
3363,4.047
3364,4.05
3365,4.053
3366,4.056
3367,4.059
3368,4.062
3369,4.065
3370,4.068
3371,4.071
3372,4.074
3373,4.077
3374,4.08
3375,4.083
3376,4.086
3377,4.089
3378,4.092
3379,4.095
3380,4.098
3381,4.101
3382,4.104
3383,4.107
3384,4.11
3385,4.113
3386,4.116
3387,4.119
3388,4.122
3389,4.125
3390,4.128
3391,4.131
3392,4.134
3393,4.137
3394,4.14
3395,4.143
3396,4.146
3397,4.149
3398,4.152
3399,4.155
3400,4.158
3401,4.161
3402,4.164
3403,4.167
3404,4.17
3405,4.173
3406,4.176
3407,4.179
3408,4.182
3409,4.185
3410,4.188
3411,4.191
3412,4.194
3413,4.197
3414,4.2
3415,4.203
3416,4.206
3417,4.209
3418,4.212
3419,4.215
3420,4.218
3421,4.221
3422,4.224
3423,4.227
3424,4.23
3425,4.233
3426,4.236
3427,4.239
3428,4.242
3429,4.245
3430,4.248
3431,4.251
3432,4.254
3433,4.257
3434,4.26
3435,4.263
3436,4.266
3437,4.269
3438,4.272
3439,4.275
3440,4.278
3441,4.281
3442,4.284
3443,4.287
3444,4.29
3445,4.293
3446,4.296
3447,4.299
3448,4.302
3449,4.305
3450,4.308
3451,4.311
3452,4.314
3453,4.317
3454,4.32
3455,4.323
3456,4.326
3457,4.329
3458,4.332
3459,4.335
3460,4.338
3461,4.341
3462,4.344
3463,4.347
3464,4.35
3465,4.353
3466,4.356
3467,4.359
3468,4.362
3469,4.365
3470,4.368
3471,4.371
3472,4.374
3473,4.377
3474,4.38
3475,4.383
3476,4.386
3477,4.389
3478,4.392
3479,4.395
3480,4.398
3481,4.401
3482,4.404
3483,4.407
3484,4.41
3485,4.413
3486,4.416
3487,4.419
3488,4.422
3489,4.425
3490,4.428
3491,4.431
3492,4.434
3493,4.437
3494,4.44
3495,4.443
3496,4.446
3497,4.449
3498,4.452
3499,4.455
3500,4.458
3501,4.461
3502,4.464
3503,4.467
3504,4.47
3505,4.473
3506,4.476
3507,4.479
3508,4.482
3509,4.485
3510,4.488
3511,4.491
3512,4.494
3513,4.497
3514,4.5
3515,4.503
3516,4.506
3517,4.509
3518,4.512
3519,4.515
3520,4.518
3521,4.521
3522,4.524
3523,4.527
3524,4.53
3525,4.533
3526,4.536
3527,4.539
3528,4.542
3529,4.545
3530,4.548
3531,4.551
3532,4.554
3533,4.557
3534,4.56
3535,4.563
3536,4.566
3537,4.569
3538,4.572
3539,4.575
3540,4.578
3541,4.581
3542,4.584
3543,4.587
3544,4.59
3545,4.593
3546,4.596
3547,4.599
3548,4.602
3549,4.605
3550,4.608
3551,4.611
3552,4.614
3553,4.617
3554,4.62
3555,4.623
3556,4.626
3557,4.629
3558,4.632
3559,4.635
3560,4.638
3561,4.641
3562,4.644
3563,4.647
3564,4.65
3565,4.653
3566,4.656
3567,4.659
3568,4.662
3569,4.665
3570,4.668
3571,4.671
3572,4.674
3573,4.677
3574,4.68
3575,4.683
3576,4.686
3577,4.689
3578,4.692
3579,4.695
3580,4.698
3581,4.701
3582,4.704
3583,4.707
3584,4.71
3585,4.713
3586,4.716
3587,4.719
3588,4.722
3589,4.725
3590,4.728
3591,4.731
3592,4.734
3593,4.737
3594,4.74
3595,4.743
3596,4.746
3597,4.749
3598,4.752
3599,4.755
3600,4.758
3601,4.761
3602,4.764
3603,4.767
3604,4.77
3605,4.773
3606,4.776
3607,4.779
3608,4.782
3609,4.785
3610,4.788
3611,4.791
3612,4.794
3613,4.797
3614,4.8
3615,4.803
3616,4.806
3617,4.809
3618,4.812
3619,4.815
3620,4.818
3621,4.821
3622,4.824
3623,4.827
3624,4.83
3625,4.833
3626,4.836
3627,4.839
3628,4.842
3629,4.845
3630,4.848
3631,4.851
3632,4.854
3633,4.857
3634,4.86
3635,4.863
3636,4.866
3637,4.869
3638,4.872
3639,4.875
3640,4.878
3641,4.881
3642,4.884
3643,4.887
3644,4.89
3645,4.893
3646,4.896
3647,4.899
3648,4.902
3649,4.905
3650,4.908
3651,4.911
3652,4.914
3653,4.917
3654,4.92
3655,4.923
3656,4.926
3657,4.929
3658,4.932
3659,4.935
3660,4.938
3661,4.941
3662,4.944
3663,4.947
3664,4.95
3665,4.953
3666,4.956
3667,4.959
3668,4.962
3669,4.965
3670,4.968
3671,4.971
3672,4.974
3673,4.977
3674,4.98
3675,4.983
3676,4.986
3677,4.989
3678,4.992
3679,4.995
3680,4.998
3681,5.001
3682,5.004
3683,5.007
3684,5.01
3685,5.013
3686,5.016
3687,5.019
3688,5.022
3689,5.025
3690,5.028
3691,5.031
3692,5.034
3693,5.037
3694,5.04
3695,5.043
3696,5.046
3697,5.049
3698,5.052
3699,5.055
3700,5.058
3701,5.061
3702,5.064
3703,5.067
3704,5.07
3705,5.073
3706,5.076
3707,5.079
3708,5.082
3709,5.085
3710,5.088
3711,5.091
3712,5.094
3713,5.097
3714,5.1
3715,5.103
3716,5.106
3717,5.109
3718,5.112
3719,5.115
3720,5.118
3721,5.121
3722,5.124
3723,5.127
3724,5.13
3725,5.133
3726,5.136
3727,5.139
3728,5.142
3729,5.145
3730,5.148
3731,5.151
3732,5.154
3733,5.157
3734,5.16
3735,5.163
3736,5.166
3737,5.169
3738,5.172
3739,5.175
3740,5.178
3741,5.181
3742,5.184
3743,5.187
3744,5.19
3745,5.193
3746,5.196
3747,5.199
3748,5.202
3749,5.205
3750,5.208
3751,5.211
3752,5.214
3753,5.217
3754,5.22
3755,5.223
3756,5.226
3757,5.229
3758,5.232
3759,5.235
3760,5.238
3761,5.241
3762,5.244
3763,5.247
3764,5.25
3765,5.253
3766,5.256
3767,5.259
3768,5.262
3769,5.265
3770,5.268
3771,5.271
3772,5.274
3773,5.277
3774,5.28
3775,5.283
3776,5.286
3777,5.289
3778,5.292
3779,5.295
3780,5.298
3781,5.301
3782,5.304
3783,5.307
3784,5.31
3785,5.313
3786,5.316
3787,5.319
3788,5.322
3789,5.325
3790,5.328
3791,5.331
3792,5.334
3793,5.337
3794,5.34
3795,5.343
3796,5.346
3797,5.349
3798,5.352
3799,5.355
3800,5.358
3801,5.361
3802,5.364
3803,5.367
3804,5.37
3805,5.373
3806,5.376
3807,5.379
3808,5.382
3809,5.385
3810,5.388
3811,5.391
3812,5.394
3813,5.397
3814,5.4
3815,5.403
3816,5.406
3817,5.409
3818,5.412
3819,5.415
3820,5.418
3821,5.421
3822,5.424
3823,5.427
3824,5.43
3825,5.433
3826,5.436
3827,5.439
3828,5.442
3829,5.445
3830,5.448
3831,5.451
3832,5.454
3833,5.457
3834,5.46
3835,5.463
3836,5.466
3837,5.469
3838,5.472
3839,5.475
3840,5.478
3841,5.481
3842,5.484
3843,5.487
3844,5.49
3845,5.493
3846,5.496
3847,5.499
3848,5.502
3849,5.505
3850,5.508
3851,5.511
3852,5.514
3853,5.517
3854,5.52
3855,5.523
3856,5.526
3857,5.529
3858,5.532
3859,5.535
3860,5.538
3861,5.541
3862,5.544
3863,5.547
3864,5.55
3865,5.553
3866,5.556
3867,5.559
3868,5.562
3869,5.565
3870,5.568
3871,5.571
3872,5.574
3873,5.577
3874,5.58
3875,5.583
3876,5.586
3877,5.589
3878,5.592
3879,5.595
3880,5.598
3881,5.601
3882,5.604
3883,5.607
3884,5.61
3885,5.613
3886,5.616
3887,5.619
3888,5.622
3889,5.625
3890,5.628
3891,5.631
3892,5.634
3893,5.637
3894,5.64
3895,5.643
3896,5.646
3897,5.649
3898,5.652
3899,5.655
3900,5.658
3901,5.661
3902,5.664
3903,5.667
3904,5.67
3905,5.673
3906,5.676
3907,5.679
3908,5.682
3909,5.685
3910,5.688
3911,5.691
3912,5.694
3913,5.697
3914,5.7
3915,5.703
3916,5.706
3917,5.709
3918,5.712
3919,5.715
3920,5.718
3921,5.721
3922,5.724
3923,5.727
3924,5.73
3925,5.733
3926,5.736
3927,5.739
3928,5.742
3929,5.745
3930,5.748
3931,5.751
3932,5.754
3933,5.757
3934,5.76
3935,5.763
3936,5.766
3937,5.769
3938,5.772
3939,5.775
3940,5.778
3941,5.781
3942,5.784
3943,5.787
3944,5.79
3945,5.793
3946,5.796
3947,5.799
3948,5.802
3949,5.805
3950,5.808
3951,5.811
3952,5.814
3953,5.817
3954,5.82
3955,5.823
3956,5.826
3957,5.829
3958,5.832
3959,5.835
3960,5.838
3961,5.841
3962,5.844
3963,5.847
3964,5.85
3965,5.853
3966,5.856
3967,5.859
3968,5.862
3969,5.865
3970,5.868
3971,5.871
3972,5.874
3973,5.877
3974,5.88
3975,5.883
3976,5.886
3977,5.889
3978,5.892
3979,5.895
3980,5.898
3981,5.901
3982,5.904
3983,5.907
3984,5.91
3985,5.913
3986,5.916
3987,5.919
3988,5.922
3989,5.925
3990,5.928
3991,5.931
3992,5.934
3993,5.937
3994,5.94
3995,5.943
3996,5.946
3997,5.949
3998,5.952
3999,5.955
4000,5.958
4001,5.961
4002,5.964
4003,5.967
4004,5.97
4005,5.973
4006,5.976
4007,5.979
4008,5.982
4009,5.985
4010,5.988
4011,5.991
4012,5.994
4013,5.997
4014,6
4015,6.003
4016,6.006
4017,6.009
4018,6.012
4019,6.015
4020,6.018
4021,6.021
4022,6.024
4023,6.027
4024,6.03
4025,6.033
4026,6.036
4027,6.039
4028,6.042
4029,6.045
4030,6.048
4031,6.051
4032,6.054
4033,6.057
4034,6.06
4035,6.063
4036,6.066
4037,6.069
4038,6.072
4039,6.075
4040,6.078
4041,6.081
4042,6.084
4043,6.087
4044,6.09
4045,6.093
4046,6.096
4047,6.099
4048,6.102
4049,6.105
4050,6.108
4051,6.111
4052,6.114
4053,6.117
4054,6.12
4055,6.123
4056,6.126
4057,6.129
4058,6.132
4059,6.135
4060,6.138
4061,6.141
4062,6.144
4063,6.147
4064,6.15
4065,6.153
4066,6.156
4067,6.159
4068,6.162
4069,6.165
4070,6.168
4071,6.171
4072,6.174
4073,6.177
4074,6.18
4075,6.183
4076,6.186
4077,6.189
4078,6.192
4079,6.195
4080,6.198
4081,6.201
4082,6.204
4083,6.207
4084,6.21
4085,6.213
4086,6.216
4087,6.219
4088,6.222
4089,6.225
4090,6.228
4091,6.231
4092,6.234
4093,6.237
4094,6.24
4095,6.243
4096,6.246
4097,6.249
4098,6.252
4099,6.255
4100,6.258
4101,6.261
4102,6.264
4103,6.267
4104,6.27
4105,6.273
4106,6.276
4107,6.279
4108,6.282
4109,6.285
4110,6.288
4111,6.291
4112,6.294
4113,6.297
4114,6.3
4115,6.303
4116,6.306
4117,6.309
4118,6.312
4119,6.315
4120,6.318
4121,6.321
4122,6.324
4123,6.327
4124,6.33
4125,6.333
4126,6.336
4127,6.339
4128,6.342
4129,6.345
4130,6.348
4131,6.351
4132,6.354
4133,6.357
4134,6.36
4135,6.363
4136,6.366
4137,6.369
4138,6.372
4139,6.375
4140,6.378
4141,6.381
4142,6.384
4143,6.387
4144,6.39
4145,6.393
4146,6.396
4147,6.399
4148,6.402
4149,6.405
4150,6.408
4151,6.411
4152,6.414
4153,6.417
4154,6.42
4155,6.423
4156,6.426
4157,6.429
4158,6.432
4159,6.435
4160,6.438
4161,6.441
4162,6.444
4163,6.447
4164,6.45
4165,6.453
4166,6.456
4167,6.459
4168,6.462
4169,6.465
4170,6.468
4171,6.471
4172,6.474
4173,6.477
4174,6.48
4175,6.483
4176,6.486
4177,6.489
4178,6.492
4179,6.495
4180,6.498
4181,6.501
4182,6.504
4183,6.507
4184,6.51
4185,6.513
4186,6.516
4187,6.519
4188,6.522
4189,6.525
4190,6.528
4191,6.531
4192,6.534
4193,6.537
4194,6.54
4195,6.543
4196,6.546
4197,6.549
4198,6.552
4199,6.555
4200,6.558
4201,6.561
4202,6.564
4203,6.567
4204,6.57
4205,6.573
4206,6.576
4207,6.579
4208,6.582
4209,6.585
4210,6.588
4211,6.591
4212,6.594
4213,6.597
4214,6.6
4215,6.603
4216,6.606
4217,6.609
4218,6.612
4219,6.615
4220,6.618
4221,6.621
4222,6.624
4223,6.627
4224,6.63
4225,6.633
4226,6.636
4227,6.639
4228,6.642
4229,6.645
4230,6.648
4231,6.651
4232,6.654
4233,6.657
4234,6.66
4235,6.663
4236,6.666
4237,6.669
4238,6.672
4239,6.675
4240,6.678
4241,6.681
4242,6.684
4243,6.687
4244,6.69
4245,6.693
4246,6.696
4247,6.699
4248,6.702
4249,6.705
4250,6.708
4251,6.711
4252,6.714
4253,6.717
4254,6.72
4255,6.723
4256,6.726
4257,6.729
4258,6.732
4259,6.735
4260,6.738
4261,6.741
4262,6.744
4263,6.747
4264,6.75
4265,6.753
4266,6.756
4267,6.759
4268,6.762
4269,6.765
4270,6.768
4271,6.771
4272,6.774
4273,6.777
4274,6.78
4275,6.783
4276,6.786
4277,6.789
4278,6.792
4279,6.795
4280,6.798
4281,6.801
4282,6.804
4283,6.807
4284,6.81
4285,6.813
4286,6.816
4287,6.819
4288,6.822
4289,6.825
4290,6.828
4291,6.831
4292,6.834
4293,6.837
4294,6.84
4295,6.843
4296,6.846
4297,6.849
4298,6.852
4299,6.855
4300,6.858
4301,6.861
4302,6.864
4303,6.867
4304,6.87
4305,6.873
4306,6.876
4307,6.879
4308,6.882
4309,6.885
4310,6.888
4311,6.891
4312,6.894
4313,6.897
4314,6.9
4315,6.903
4316,6.906
4317,6.909
4318,6.912
4319,6.915
4320,6.918
4321,6.921
4322,6.924
4323,6.927
4324,6.93
4325,6.933
4326,6.936
4327,6.939
4328,6.942
4329,6.945
4330,6.948
4331,6.951
4332,6.954
4333,6.957
4334,6.96
4335,6.963
4336,6.966
4337,6.969
4338,6.972
4339,6.975
4340,6.978
4341,6.981
4342,6.984
4343,6.987
4344,6.99
4345,6.993
4346,6.996
4347,6.999
4348,7.002
4349,7.005
4350,7.008
4351,7.011
4352,7.014
4353,7.017
4354,7.02
4355,7.023
4356,7.026
4357,7.029
4358,7.032
4359,7.035
4360,7.038
4361,7.041
4362,7.044
4363,7.047
4364,7.05
4365,7.053
4366,7.056
4367,7.059
4368,7.062
4369,7.065
4370,7.068
4371,7.071
4372,7.074
4373,7.077
4374,7.08
4375,7.083
4376,7.086
4377,7.089
4378,7.092
4379,7.095
4380,7.098
4381,7.101
4382,7.104
4383,7.107
4384,7.11
4385,7.113
4386,7.116
4387,7.119
4388,7.122
4389,7.125
4390,7.128
4391,7.131
4392,7.134
4393,7.137
4394,7.14
4395,7.143
4396,7.146
4397,7.149
4398,7.152
4399,7.155
4400,7.158
4401,7.161
4402,7.164
4403,7.167
4404,7.17
4405,7.173
4406,7.176
4407,7.179
4408,7.182
4409,7.185
4410,7.188
4411,7.191
4412,7.194
4413,7.197
4414,7.2
4415,7.203
4416,7.206
4417,7.209
4418,7.212
4419,7.215
4420,7.218
4421,7.221
4422,7.224
4423,7.227
4424,7.23
4425,7.233
4426,7.236
4427,7.239
4428,7.242
4429,7.245
4430,7.248
4431,7.251
4432,7.254
4433,7.257
4434,7.26
4435,7.263
4436,7.266
4437,7.269
4438,7.272
4439,7.275
4440,7.278
4441,7.281
4442,7.284
4443,7.287
4444,7.29
4445,7.293
4446,7.296
4447,7.299
4448,7.302
4449,7.305
4450,7.308
4451,7.311
4452,7.314
4453,7.317
4454,7.32
4455,7.323
4456,7.326
4457,7.329
4458,7.332
4459,7.335
4460,7.338
4461,7.341
4462,7.344
4463,7.347
4464,7.35
4465,7.353
4466,7.356
4467,7.359
4468,7.362
4469,7.365
4470,7.368
4471,7.371
4472,7.374
4473,7.377
4474,7.38
4475,7.383
4476,7.386
4477,7.389
4478,7.392
4479,7.395
4480,7.398
4481,7.401
4482,7.404
4483,7.407
4484,7.41
4485,7.413
4486,7.416
4487,7.419
4488,7.422
4489,7.425
4490,7.428
4491,7.431
4492,7.434
4493,7.437
4494,7.44
4495,7.443
4496,7.446
4497,7.449
4498,7.452
4499,7.455
4500,7.458
4501,7.461
4502,7.464
4503,7.467
4504,7.47
4505,7.473
4506,7.476
4507,7.479
4508,7.482
4509,7.485
4510,7.488
4511,7.491
4512,7.494
4513,7.497
4514,7.5
4515,7.503
4516,7.506
4517,7.509
4518,7.512
4519,7.515
4520,7.518
4521,7.521
4522,7.524
4523,7.527
4524,7.53
4525,7.533
4526,7.536
4527,7.539
4528,7.542
4529,7.545
4530,7.548
4531,7.551
4532,7.554
4533,7.557
4534,7.56
4535,7.563
4536,7.566
4537,7.569
4538,7.572
4539,7.575
4540,7.578
4541,7.581
4542,7.584
4543,7.587
4544,7.59
4545,7.593
4546,7.596
4547,7.599
4548,7.602
4549,7.605
4550,7.608
4551,7.611
4552,7.614
4553,7.617
4554,7.62
4555,7.623
4556,7.626
4557,7.629
4558,7.632
4559,7.635
4560,7.638
4561,7.641
4562,7.644
4563,7.647
4564,7.65
4565,7.653
4566,7.656
4567,7.659
4568,7.662
4569,7.665
4570,7.668
4571,7.671
4572,7.674
4573,7.677
4574,7.68
4575,7.683
4576,7.686
4577,7.689
4578,7.692
4579,7.695
4580,7.698
4581,7.701
4582,7.704
4583,7.707
4584,7.71
4585,7.713
4586,7.716
4587,7.719
4588,7.722
4589,7.725
4590,7.728
4591,7.731
4592,7.734
4593,7.737
4594,7.74
4595,7.743
4596,7.746
4597,7.749
4598,7.752
4599,7.755
4600,7.758
4601,7.761
4602,7.764
4603,7.767
4604,7.77
4605,7.773
4606,7.776
4607,7.779
4608,7.782
4609,7.785
4610,7.788
4611,7.791
4612,7.794
4613,7.797
4614,7.8
4615,7.803
4616,7.806
4617,7.809
4618,7.812
4619,7.815
4620,7.818
4621,7.821
4622,7.824
4623,7.827
4624,7.83
4625,7.833
4626,7.836
4627,7.839
4628,7.842
4629,7.845
4630,7.848
4631,7.851
4632,7.854
4633,7.857
4634,7.86
4635,7.863
4636,7.866
4637,7.869
4638,7.872
4639,7.875
4640,7.878
4641,7.881
4642,7.884
4643,7.887
4644,7.89
4645,7.893
4646,7.896
4647,7.899
4648,7.902
4649,7.905
4650,7.908
4651,7.911
4652,7.914
4653,7.917
4654,7.92
4655,7.923
4656,7.926
4657,7.929
4658,7.932
4659,7.935
4660,7.938
4661,7.941
4662,7.944
4663,7.947
4664,7.95
4665,7.953
4666,7.956
4667,7.959
4668,7.962
4669,7.965
4670,7.968
4671,7.971
4672,7.974
4673,7.977
4674,7.98
4675,7.983
4676,7.986
4677,7.989
4678,7.992
4679,7.995
4680,7.998
4681,8.001
4682,8.004
4683,8.007
4684,8.01
4685,8.013
4686,8.016
4687,8.019
4688,8.022
4689,8.025
4690,8.028
4691,8.031
4692,8.034
4693,8.037
4694,8.04
4695,8.043
4696,8.046
4697,8.049
4698,8.052
4699,8.055
4700,8.058
4701,8.061
4702,8.064
4703,8.067
4704,8.07
4705,8.073
4706,8.076
4707,8.079
4708,8.082
4709,8.085
4710,8.088
4711,8.091
4712,8.094
4713,8.097
4714,8.1
4715,8.103
4716,8.106
4717,8.109
4718,8.112
4719,8.115
4720,8.118
4721,8.121
4722,8.124
4723,8.127
4724,8.13
4725,8.133
4726,8.136
4727,8.139
4728,8.142
4729,8.145
4730,8.148
4731,8.151
4732,8.154
4733,8.157
4734,8.16
4735,8.163
4736,8.166
4737,8.169
4738,8.172
4739,8.175
4740,8.178
4741,8.181
4742,8.184
4743,8.187
4744,8.19
4745,8.193
4746,8.196
4747,8.199
4748,8.202
4749,8.205
4750,8.208
4751,8.211
4752,8.214
4753,8.217
4754,8.22
4755,8.223
4756,8.226
4757,8.229
4758,8.232
4759,8.235
4760,8.238
4761,8.241
4762,8.244
4763,8.247
4764,8.25
4765,8.253
4766,8.256
4767,8.259
4768,8.262
4769,8.265
4770,8.268
4771,8.271
4772,8.274
4773,8.277
4774,8.28
4775,8.283
4776,8.286
4777,8.289
4778,8.292
4779,8.295
4780,8.298
4781,8.301
4782,8.304
4783,8.307
4784,8.31
4785,8.313
4786,8.316
4787,8.319
4788,8.322
4789,8.325
4790,8.328
4791,8.331
4792,8.334
4793,8.337
4794,8.34
4795,8.343
4796,8.346
4797,8.349
4798,8.352
4799,8.355
4800,8.358
4801,8.361
4802,8.364
4803,8.367
4804,8.37
4805,8.373
4806,8.376
4807,8.379
4808,8.382
4809,8.385
4810,8.388
4811,8.391
4812,8.394
4813,8.397
4814,8.4
4815,8.403
4816,8.406
4817,8.409
4818,8.412
4819,8.415
4820,8.418
4821,8.421
4822,8.424
4823,8.427
4824,8.43
4825,8.433
4826,8.436
4827,8.439
4828,8.442
4829,8.445
4830,8.448
4831,8.451
4832,8.454
4833,8.457
4834,8.46
4835,8.463
4836,8.466
4837,8.469
4838,8.472
4839,8.475
4840,8.478
4841,8.481
4842,8.484
4843,8.487
4844,8.49
4845,8.493
4846,8.496
4847,8.499
4848,8.502
4849,8.505
4850,8.508
4851,8.511
4852,8.514
4853,8.517
4854,8.52
4855,8.523
4856,8.526
4857,8.529
4858,8.532
4859,8.535
4860,8.538
4861,8.541
4862,8.544
4863,8.547
4864,8.55
4865,8.553
4866,8.556
4867,8.559
4868,8.562
4869,8.565
4870,8.568
4871,8.571
4872,8.574
4873,8.577
4874,8.58
4875,8.583
4876,8.586
4877,8.589
4878,8.592
4879,8.595
4880,8.598
4881,8.601
4882,8.604
4883,8.607
4884,8.61
4885,8.613
4886,8.616
4887,8.619
4888,8.622
4889,8.625
4890,8.628
4891,8.631
4892,8.634
4893,8.637
4894,8.64
4895,8.643
4896,8.646
4897,8.649
4898,8.652
4899,8.655
4900,8.658
4901,8.661
4902,8.664
4903,8.667
4904,8.67
4905,8.673
4906,8.676
4907,8.679
4908,8.682
4909,8.685
4910,8.688
4911,8.691
4912,8.694
4913,8.697
4914,8.7
4915,8.703
4916,8.706
4917,8.709
4918,8.712
4919,8.715
4920,8.718
4921,8.721
4922,8.724
4923,8.727
4924,8.73
4925,8.733
4926,8.736
4927,8.739
4928,8.742
4929,8.745
4930,8.748
4931,8.751
4932,8.754
4933,8.757
4934,8.76
4935,8.763
4936,8.766
4937,8.769
4938,8.772
4939,8.775
4940,8.778
4941,8.781
4942,8.784
4943,8.787
4944,8.79
4945,8.793
4946,8.796
4947,8.799
4948,8.802
4949,8.805
4950,8.808
4951,8.811
4952,8.814
4953,8.817
4954,8.82
4955,8.823
4956,8.826
4957,8.829
4958,8.832
4959,8.835
4960,8.838
4961,8.841
4962,8.844
4963,8.847
4964,8.85
4965,8.853
4966,8.856
4967,8.859
4968,8.862
4969,8.865
4970,8.868
4971,8.871
4972,8.874
4973,8.877
4974,8.88
4975,8.883
4976,8.886
4977,8.889
4978,8.892
4979,8.895
4980,8.898
4981,8.901
4982,8.904
4983,8.907
4984,8.91
4985,8.913
4986,8.916
4987,8.919
4988,8.922
4989,8.925
4990,8.928
4991,8.931
4992,8.934
4993,8.937
4994,8.94
4995,8.943
4996,8.946
4997,8.949
4998,8.952
4999,8.955
5000,8.958
5001,8.961
5002,8.964
5003,8.967
5004,8.97
5005,8.973
5006,8.976
5007,8.979
5008,8.982
5009,8.985
5010,8.988
5011,8.991
5012,8.994
5013,8.997
5014,9
5015,9.003
5016,9.006
5017,9.009
5018,9.012
5019,9.015
5020,9.018
5021,9.021
5022,9.024
5023,9.027
5024,9.03
5025,9.033
5026,9.036
5027,9.039
5028,9.042
5029,9.045
5030,9.048
5031,9.051
5032,9.054
5033,9.057
5034,9.06
5035,9.063
5036,9.066
5037,9.069
5038,9.072
5039,9.075
5040,9.078
5041,9.081
5042,9.084
5043,9.087
5044,9.09
5045,9.093
5046,9.096
5047,9.099
5048,9.102
5049,9.105
5050,9.108
5051,9.111
5052,9.114
5053,9.117
5054,9.12
5055,9.123
5056,9.126
5057,9.129
5058,9.132
5059,9.135
5060,9.138
5061,9.141
5062,9.144
5063,9.147
5064,9.15
5065,9.153
5066,9.156
5067,9.159
5068,9.162
5069,9.165
5070,9.168
5071,9.171
5072,9.174
5073,9.177
5074,9.18
5075,9.183
5076,9.186
5077,9.189
5078,9.192
5079,9.195
5080,9.198
5081,9.201
5082,9.204
5083,9.207
5084,9.21
5085,9.213
5086,9.216
5087,9.219
5088,9.222
5089,9.225
5090,9.228
5091,9.231
5092,9.234
5093,9.237
5094,9.24
5095,9.243
5096,9.246
5097,9.249
5098,9.252
5099,9.255
5100,9.258
5101,9.261
5102,9.264
5103,9.267
5104,9.27
5105,9.273
5106,9.276
5107,9.279
5108,9.282
5109,9.285
5110,9.288
5111,9.291
5112,9.294
5113,9.297
5114,9.3
5115,9.303
5116,9.306
5117,9.309
5118,9.312
5119,9.315
5120,9.318
5121,9.321
5122,9.324
5123,9.327
5124,9.33
5125,9.333
5126,9.336
5127,9.339
5128,9.342
5129,9.345
5130,9.348
5131,9.351
5132,9.354
5133,9.357
5134,9.36
5135,9.363
5136,9.366
5137,9.369
5138,9.372
5139,9.375
5140,9.378
5141,9.381
5142,9.384
5143,9.387
5144,9.39
5145,9.393
5146,9.396
5147,9.399
5148,9.402
5149,9.405
5150,9.408
5151,9.411
5152,9.414
5153,9.417
5154,9.42
5155,9.423
5156,9.426
5157,9.429
5158,9.432
5159,9.435
5160,9.438
5161,9.441
5162,9.444
5163,9.447
5164,9.45
5165,9.453
5166,9.456
5167,9.459
5168,9.462
5169,9.465
5170,9.468
5171,9.471
5172,9.474
5173,9.477
5174,9.48
5175,9.483
5176,9.486
5177,9.489
5178,9.492
5179,9.495
5180,9.498
5181,9.501
5182,9.504
5183,9.507
5184,9.51
5185,9.513
5186,9.516
5187,9.519
5188,9.522
5189,9.525
5190,9.528
5191,9.531
5192,9.534
5193,9.537
5194,9.54
5195,9.543
5196,9.546
5197,9.549
5198,9.552
5199,9.555
5200,9.558
5201,9.561
5202,9.564
5203,9.567
5204,9.57
5205,9.573
5206,9.576
5207,9.579
5208,9.582
5209,9.585
5210,9.588
5211,9.591
5212,9.594
5213,9.597
5214,9.6
5215,9.603
5216,9.606
5217,9.609
5218,9.612
5219,9.615
5220,9.618
5221,9.621
5222,9.624
5223,9.627
5224,9.63
5225,9.633
5226,9.636
5227,9.639
5228,9.642
5229,9.645
5230,9.648
5231,9.651
5232,9.654
5233,9.657
5234,9.66
5235,9.663
5236,9.666
5237,9.669
5238,9.672
5239,9.675
5240,9.678
5241,9.681
5242,9.684
5243,9.687
5244,9.69
5245,9.693
5246,9.696
5247,9.699
5248,9.702
5249,9.705
5250,9.708
5251,9.711
5252,9.714
5253,9.717
5254,9.72
5255,9.723
5256,9.726
5257,9.729
5258,9.732
5259,9.735
5260,9.738
5261,9.741
5262,9.744
5263,9.747
5264,9.75
5265,9.753
5266,9.756
5267,9.759
5268,9.762
5269,9.765
5270,9.768
5271,9.771
5272,9.774
5273,9.777
5274,9.78
5275,9.783
5276,9.786
5277,9.789
5278,9.792
5279,9.795
5280,9.798
5281,9.801
5282,9.804
5283,9.807
5284,9.81
5285,9.813
5286,9.816
5287,9.819
5288,9.822
5289,9.825
5290,9.828
5291,9.831
5292,9.834
5293,9.837
5294,9.84
5295,9.843
5296,9.846
5297,9.849
5298,9.852
5299,9.855
5300,9.858
5301,9.861
5302,9.864
5303,9.867
5304,9.87
5305,9.873
5306,9.876
5307,9.879
5308,9.882
5309,9.885
5310,9.888
5311,9.891
5312,9.894
5313,9.897
5314,9.9
5315,9.903
5316,9.906
5317,9.909
5318,9.912
5319,9.915
5320,9.918
5321,9.921
5322,9.924
5323,9.927
5324,9.93
5325,9.933
5326,9.936
5327,9.939
5328,9.942
5329,9.945
5330,9.948
5331,9.951
5332,9.954
5333,9.957
5334,9.96
5335,9.963
5336,9.966
5337,9.969
5338,9.972
5339,9.975
5340,9.978
5341,9.981
5342,9.984
5343,9.987
5344,9.99
5345,9.993
5346,9.996
5347,9.999
5348,10.002
5349,10.005
5350,10.008
5351,10.011
5352,10.014
5353,10.017
5354,10.02
5355,10.023
5356,10.026
5357,10.029
5358,10.032
5359,10.035
5360,10.038
5361,10.041
5362,10.044
5363,10.047
5364,10.05
5365,10.053
5366,10.056
5367,10.059
5368,10.062
5369,10.065
5370,10.068
5371,10.071
5372,10.074
5373,10.077
5374,10.08
5375,10.083
5376,10.086
5377,10.089
5378,10.092
5379,10.095
5380,10.098
5381,10.101
5382,10.104
5383,10.107
5384,10.11
5385,10.113
5386,10.116
5387,10.119
5388,10.122
5389,10.125
5390,10.128
5391,10.131
5392,10.134
5393,10.137
5394,10.14
5395,10.143
5396,10.146
5397,10.149
5398,10.152
5399,10.155
5400,10.158
5401,10.161
5402,10.164
5403,10.167
5404,10.17
5405,10.173
5406,10.176
5407,10.179
5408,10.182
5409,10.185
5410,10.188
5411,10.191
5412,10.194
5413,10.197
5414,10.2
5415,10.203
5416,10.206
5417,10.209
5418,10.212
5419,10.215
5420,10.218
5421,10.221
5422,10.224
5423,10.227
5424,10.23
5425,10.233
5426,10.236
5427,10.239
5428,10.242
5429,10.245
5430,10.248
5431,10.251
5432,10.254
5433,10.257
5434,10.26
5435,10.263
5436,10.266
5437,10.269
5438,10.272
5439,10.275
5440,10.278
5441,10.281
5442,10.284
5443,10.287
5444,10.29
5445,10.293
5446,10.296
5447,10.299
5448,10.302
5449,10.305
5450,10.308
5451,10.311
5452,10.314
5453,10.317
5454,10.32
5455,10.323
5456,10.326
5457,10.329
5458,10.332
5459,10.335
5460,10.338
5461,10.341
5462,10.344
5463,10.347
5464,10.35
5465,10.353
5466,10.356
5467,10.359
5468,10.362
5469,10.365
5470,10.368
5471,10.371
5472,10.374
5473,10.377
5474,10.38
5475,10.383
5476,10.386
5477,10.389
5478,10.392
5479,10.395
5480,10.398
5481,10.401
5482,10.404
5483,10.407
5484,10.41
5485,10.413
5486,10.416
5487,10.419
5488,10.422
5489,10.425
5490,10.428
5491,10.431
5492,10.434
5493,10.437
5494,10.44
5495,10.443
5496,10.446
5497,10.449
5498,10.452
5499,10.455
5500,10.458
5501,10.461
5502,10.464
5503,10.467
5504,10.47
5505,10.473
5506,10.476
5507,10.479
5508,10.482
5509,10.485
5510,10.488
5511,10.491
5512,10.494
5513,10.497
5514,10.5
5515,10.503
5516,10.506
5517,10.509
5518,10.512
5519,10.515
5520,10.518
5521,10.521
5522,10.524
5523,10.527
5524,10.53
5525,10.533
5526,10.536
5527,10.539
5528,10.542
5529,10.545
5530,10.548
5531,10.551
5532,10.554
5533,10.557
5534,10.56
5535,10.563
5536,10.566
5537,10.569
5538,10.572
5539,10.575
5540,10.578
5541,10.581
5542,10.584
5543,10.587
5544,10.59
5545,10.593
5546,10.596
5547,10.599
5548,10.602
5549,10.605
5550,10.608
5551,10.611
5552,10.614
5553,10.617
5554,10.62
5555,10.623
5556,10.626
5557,10.629
5558,10.632
5559,10.635
5560,10.638
5561,10.641
5562,10.644
5563,10.647
5564,10.65
5565,10.653
5566,10.656
5567,10.659
5568,10.662
5569,10.665
5570,10.668
5571,10.671
5572,10.674
5573,10.677
5574,10.68
5575,10.683
5576,10.686
5577,10.689
5578,10.692
5579,10.695
5580,10.698
5581,10.701
5582,10.704
5583,10.707
5584,10.71
5585,10.713
5586,10.716
5587,10.719
5588,10.722
5589,10.725
5590,10.728
5591,10.731
5592,10.734
5593,10.737
5594,10.74
5595,10.743
5596,10.746
5597,10.749
5598,10.752
5599,10.755
5600,10.758
5601,10.761
5602,10.764
5603,10.767
5604,10.77
5605,10.773
5606,10.776
5607,10.779
5608,10.782
5609,10.785
5610,10.788
5611,10.791
5612,10.794
5613,10.797
5614,10.8
5615,10.803
5616,10.806
5617,10.809
5618,10.812
5619,10.815
5620,10.818
5621,10.821
5622,10.824
5623,10.827
5624,10.83
5625,10.833
5626,10.836
5627,10.839
5628,10.842
5629,10.845
5630,10.848
5631,10.851
5632,10.854
5633,10.857
5634,10.86
5635,10.863
5636,10.866
5637,10.869
5638,10.872
5639,10.875
5640,10.878
5641,10.881
5642,10.884
5643,10.887
5644,10.89
5645,10.893
5646,10.896
5647,10.899
5648,10.902
5649,10.905
5650,10.908
5651,10.911
5652,10.914
5653,10.917
5654,10.92
5655,10.923
5656,10.926
5657,10.929
5658,10.932
5659,10.935
5660,10.938
5661,10.941
5662,10.944
5663,10.947
5664,10.95
5665,10.953
5666,10.956
5667,10.959
5668,10.962
5669,10.965
5670,10.968
5671,10.971
5672,10.974
5673,10.977
5674,10.98
5675,10.983
5676,10.986
5677,10.989
5678,10.992
5679,10.995
5680,10.998
5681,11.001
5682,11.004
5683,11.007
5684,11.01
5685,11.013
5686,11.016
5687,11.019
5688,11.022
5689,11.025
5690,11.028
5691,11.031
5692,11.034
5693,11.037
5694,11.04
5695,11.043
5696,11.046
5697,11.049
5698,11.052
5699,11.055
5700,11.058
5701,11.061
5702,11.064
5703,11.067
5704,11.07
5705,11.073
5706,11.076
5707,11.079
5708,11.082
5709,11.085
5710,11.088
5711,11.091
5712,11.094
5713,11.097
5714,11.1
5715,11.103
5716,11.106
5717,11.109
5718,11.112
5719,11.115
5720,11.118
5721,11.121
5722,11.124
5723,11.127
5724,11.13
5725,11.133
5726,11.136
5727,11.139
5728,11.142
5729,11.145
5730,11.148
5731,11.151
5732,11.154
5733,11.157
5734,11.16
5735,11.163
5736,11.166
5737,11.169
5738,11.172
5739,11.175
5740,11.178
5741,11.181
5742,11.184
5743,11.187
5744,11.19
5745,11.193
5746,11.196
5747,11.199
5748,11.202
5749,11.205
5750,11.208
5751,11.211
5752,11.214
5753,11.217
5754,11.22
5755,11.223
5756,11.226
5757,11.229
5758,11.232
5759,11.235
5760,11.238
5761,11.241
5762,11.244
5763,11.247
5764,11.25
5765,11.253
5766,11.256
5767,11.259
5768,11.262
5769,11.265
5770,11.268
5771,11.271
5772,11.274
5773,11.277
5774,11.28
5775,11.283
5776,11.286
5777,11.289
5778,11.292
5779,11.295
5780,11.298
5781,11.301
5782,11.304
5783,11.307
5784,11.31
5785,11.313
5786,11.316
5787,11.319
5788,11.322
5789,11.325
5790,11.328
5791,11.331
5792,11.334
5793,11.337
5794,11.34
5795,11.343
5796,11.346
5797,11.349
5798,11.352
5799,11.355
5800,11.358
5801,11.361
5802,11.364
5803,11.367
5804,11.37
5805,11.373
5806,11.376
5807,11.379
5808,11.382
5809,11.385
5810,11.388
5811,11.391
5812,11.394
5813,11.397
5814,11.4
5815,11.403
5816,11.406
5817,11.409
5818,11.412
5819,11.415
5820,11.418
5821,11.421
5822,11.424
5823,11.427
5824,11.43
5825,11.433
5826,11.436
5827,11.439
5828,11.442
5829,11.445
5830,11.448
5831,11.451
5832,11.454
5833,11.457
5834,11.46
5835,11.463
5836,11.466
5837,11.469
5838,11.472
5839,11.475
5840,11.478
5841,11.481
5842,11.484
5843,11.487
5844,11.49
5845,11.493
5846,11.496
5847,11.499
5848,11.502
5849,11.505
5850,11.508
5851,11.511
5852,11.514
5853,11.517
5854,11.52
5855,11.523
5856,11.526
5857,11.529
5858,11.532
5859,11.535
5860,11.538
5861,11.541
5862,11.544
5863,11.547
5864,11.55
5865,11.553
5866,11.556
5867,11.559
5868,11.562
5869,11.565
5870,11.568
5871,11.571
5872,11.574
5873,11.577
5874,11.58
5875,11.583
5876,11.586
5877,11.589
5878,11.592
5879,11.595
5880,11.598
5881,11.601
5882,11.604
5883,11.607
5884,11.61
5885,11.613
5886,11.616
5887,11.619
5888,11.622
5889,11.625
5890,11.628
5891,11.631
5892,11.634
5893,11.637
5894,11.64
5895,11.643
5896,11.646
5897,11.649
5898,11.652
5899,11.655
5900,11.658
5901,11.661
5902,11.664
5903,11.667
5904,11.67
5905,11.673
5906,11.676
5907,11.679
5908,11.682
5909,11.685
5910,11.688
5911,11.691
5912,11.694
5913,11.697
5914,11.7
5915,11.703
5916,11.706
5917,11.709
5918,11.712
5919,11.715
5920,11.718
5921,11.721
5922,11.724
5923,11.727
5924,11.73
5925,11.733
5926,11.736
5927,11.739
5928,11.742
5929,11.745
5930,11.748
5931,11.751
5932,11.754
5933,11.757
5934,11.76
5935,11.763
5936,11.766
5937,11.769
5938,11.772
5939,11.775
5940,11.778
5941,11.781
5942,11.784
5943,11.787
5944,11.79
5945,11.793
5946,11.796
5947,11.799
5948,11.802
5949,11.805
5950,11.808
5951,11.811
5952,11.814
5953,11.817
5954,11.82
5955,11.823
5956,11.826
5957,11.829
5958,11.832
5959,11.835
5960,11.838
5961,11.841
5962,11.844
5963,11.847
5964,11.85
5965,11.853
5966,11.856
5967,11.859
5968,11.862
5969,11.865
5970,11.868
5971,11.871
5972,11.874
5973,11.877
5974,11.88
5975,11.883
5976,11.886
5977,11.889
5978,11.892
5979,11.895
5980,11.898
5981,11.901
5982,11.904
5983,11.907
5984,11.91
5985,11.913
5986,11.916
5987,11.919
5988,11.922
5989,11.925
5990,11.928
5991,11.931
5992,11.934
5993,11.937
5994,11.94
5995,11.943
5996,11.946
5997,11.949
5998,11.952
5999,11.955
6000,11.958
6001,11.961
6002,11.964
6003,11.967
6004,11.97
6005,11.973
6006,11.976
6007,11.979
6008,11.982
6009,11.985
6010,11.988
6011,11.991
6012,11.994
6013,11.997
6014,12
6015,12.003
6016,12.006
6017,12.009
6018,12.012
6019,12.015
6020,12.018
6021,12.021
6022,12.024
6023,12.027
6024,12.03
6025,12.033
6026,12.036
6027,12.039
6028,12.042
6029,12.045
6030,12.048
6031,12.051
6032,12.054
6033,12.057
6034,12.06
6035,12.063
6036,12.066
6037,12.069
6038,12.072
6039,12.075
6040,12.078
6041,12.081
6042,12.084
6043,12.087
6044,12.09
6045,12.093
6046,12.096
6047,12.099
6048,12.102
6049,12.105
6050,12.108
6051,12.111
6052,12.114
6053,12.117
6054,12.12
6055,12.123
6056,12.126
6057,12.129
6058,12.132
6059,12.135
6060,12.138
6061,12.141
6062,12.144
6063,12.147
6064,12.15
6065,12.153
6066,12.156
6067,12.159
6068,12.162
6069,12.165
6070,12.168
6071,12.171
6072,12.174
6073,12.177
6074,12.18
6075,12.183
6076,12.186
6077,12.189
6078,12.192
6079,12.195
6080,12.198
6081,12.201
6082,12.204
6083,12.207
6084,12.21
6085,12.213
6086,12.216
6087,12.219
6088,12.222
6089,12.225
6090,12.228
6091,12.231
6092,12.234
6093,12.237
6094,12.24
6095,12.243
6096,12.246
6097,12.249
6098,12.252
6099,12.255
6100,12.258
6101,12.261
6102,12.264
6103,12.267
6104,12.27
6105,12.273
6106,12.276
6107,12.279
6108,12.282
6109,12.285
6110,12.288
6111,12.291
6112,12.294
6113,12.297
6114,12.3
6115,12.303
6116,12.306
6117,12.309
6118,12.312
6119,12.315
6120,12.318
6121,12.321
6122,12.324
6123,12.327
6124,12.33
6125,12.333
6126,12.336
6127,12.339
6128,12.342
6129,12.345
6130,12.348
6131,12.351
6132,12.354
6133,12.357
6134,12.36
6135,12.363
6136,12.366
6137,12.369
6138,12.372
6139,12.375
6140,12.378
6141,12.381
6142,12.384
6143,12.387
6144,12.39
6145,12.393
6146,12.396
6147,12.399
6148,12.402
6149,12.405
6150,12.408
6151,12.411
6152,12.414
6153,12.417
6154,12.42
6155,12.423
6156,12.426
6157,12.429
6158,12.432
6159,12.435
6160,12.438
6161,12.441
6162,12.444
6163,12.447
6164,12.45
6165,12.453
6166,12.456
6167,12.459
6168,12.462
6169,12.465
6170,12.468
6171,12.471
6172,12.474
6173,12.477
6174,12.48
6175,12.483
6176,12.486
6177,12.489
6178,12.492
6179,12.495
6180,12.498
6181,12.501
6182,12.504
6183,12.507
6184,12.51
6185,12.513
6186,12.516
6187,12.519
6188,12.522
6189,12.525
6190,12.528
6191,12.531
6192,12.534
6193,12.537
6194,12.54
6195,12.543
6196,12.546
6197,12.549
6198,12.552
6199,12.555
6200,12.558
6201,12.561
6202,12.564
6203,12.567
6204,12.57
6205,12.573
6206,12.576
6207,12.579
6208,12.582
6209,12.585
6210,12.588
6211,12.591
6212,12.594
6213,12.597
6214,12.6
6215,12.603
6216,12.606
6217,12.609
6218,12.612
6219,12.615
6220,12.618
6221,12.621
6222,12.624
6223,12.627
6224,12.63
6225,12.633
6226,12.636
6227,12.639
6228,12.642
6229,12.645
6230,12.648
6231,12.651
6232,12.654
6233,12.657
6234,12.66
6235,12.663
6236,12.666
6237,12.669
6238,12.672
6239,12.675
6240,12.678
6241,12.681
6242,12.684
6243,12.687
6244,12.69
6245,12.693
6246,12.696
6247,12.699
6248,12.702
6249,12.705
6250,12.708
6251,12.711
6252,12.714
6253,12.717
6254,12.72
6255,12.723
6256,12.726
6257,12.729
6258,12.732
6259,12.735
6260,12.738
6261,12.741
6262,12.744
6263,12.747
6264,12.75
6265,12.753
6266,12.756
6267,12.759
6268,12.762
6269,12.765
6270,12.768
6271,12.771
6272,12.774
6273,12.777
6274,12.78
6275,12.783
6276,12.786
6277,12.789
6278,12.792
6279,12.795
6280,12.798
6281,12.801
6282,12.804
6283,12.807
6284,12.81
6285,12.813
6286,12.816
6287,12.819
6288,12.822
6289,12.825
6290,12.828
6291,12.831
6292,12.834
6293,12.837
6294,12.84
6295,12.843
6296,12.846
6297,12.849
6298,12.852
6299,12.855
6300,12.858
6301,12.861
6302,12.864
6303,12.867
6304,12.87
6305,12.873
6306,12.876
6307,12.879
6308,12.882
6309,12.885
6310,12.888
6311,12.891
6312,12.894
6313,12.897
6314,12.9
6315,12.903
6316,12.906
6317,12.909
6318,12.912
6319,12.915
6320,12.918
6321,12.921
6322,12.924
6323,12.927
6324,12.93
6325,12.933
6326,12.936
6327,12.939
6328,12.942
6329,12.945
6330,12.948
6331,12.951
6332,12.954
6333,12.957
6334,12.96
6335,12.963
6336,12.966
6337,12.969
6338,12.972
6339,12.975
6340,12.978
6341,12.981
6342,12.984
6343,12.987
6344,12.99
6345,12.993
6346,12.996
6347,12.999
6348,13.002
6349,13.005
6350,13.008
6351,13.011
6352,13.014
6353,13.017
6354,13.02
6355,13.023
6356,13.026
6357,13.029
6358,13.032
6359,13.035
6360,13.038
6361,13.041
6362,13.044
6363,13.047
6364,13.05
6365,13.053
6366,13.056
6367,13.059
6368,13.062
6369,13.065
6370,13.068
6371,13.071
6372,13.074
6373,13.077
6374,13.08
6375,13.083
6376,13.086
6377,13.089
6378,13.092
6379,13.095
6380,13.098
6381,13.101
6382,13.104
6383,13.107
6384,13.11
6385,13.113
6386,13.116
6387,13.119
6388,13.122
6389,13.125
6390,13.128
6391,13.131
6392,13.134
6393,13.137
6394,13.14
6395,13.143
6396,13.146
6397,13.149
6398,13.152
6399,13.155
6400,13.158
6401,13.161
6402,13.164
6403,13.167
6404,13.17
6405,13.173
6406,13.176
6407,13.179
6408,13.182
6409,13.185
6410,13.188
6411,13.191
6412,13.194
6413,13.197
6414,13.2
6415,13.203
6416,13.206
6417,13.209
6418,13.212
6419,13.215
6420,13.218
6421,13.221
6422,13.224
6423,13.227
6424,13.23
6425,13.233
6426,13.236
6427,13.239
6428,13.242
6429,13.245
6430,13.248
6431,13.251
6432,13.254
6433,13.257
6434,13.26
6435,13.263
6436,13.266
6437,13.269
6438,13.272
6439,13.275
6440,13.278
6441,13.281
6442,13.284
6443,13.287
6444,13.29
6445,13.293
6446,13.296
6447,13.299
6448,13.302
6449,13.305
6450,13.308
6451,13.311
6452,13.314
6453,13.317
6454,13.32
6455,13.323
6456,13.326
6457,13.329
6458,13.332
6459,13.335
6460,13.338
6461,13.341
6462,13.344
6463,13.347
6464,13.35
6465,13.353
6466,13.356
6467,13.359
6468,13.362
6469,13.365
6470,13.368
6471,13.371
6472,13.374
6473,13.377
6474,13.38
6475,13.383
6476,13.386
6477,13.389
6478,13.392
6479,13.395
6480,13.398
6481,13.401
6482,13.404
6483,13.407
6484,13.41
6485,13.413
6486,13.416
6487,13.419
6488,13.422
6489,13.425
6490,13.428
6491,13.431
6492,13.434
6493,13.437
6494,13.44
6495,13.443
6496,13.446
6497,13.449
6498,13.452
6499,13.455
6500,13.458
6501,13.461
6502,13.464
6503,13.467
6504,13.47
6505,13.473
6506,13.476
6507,13.479
6508,13.482
6509,13.485
6510,13.488
6511,13.491
6512,13.494
6513,13.497
6514,13.5
6515,13.503
6516,13.506
6517,13.509
6518,13.512
6519,13.515
6520,13.518
6521,13.521
6522,13.524
6523,13.527
6524,13.53
6525,13.533
6526,13.536
6527,13.539
6528,13.542
6529,13.545
6530,13.548
6531,13.551
6532,13.554
6533,13.557
6534,13.56
6535,13.563
6536,13.566
6537,13.569
6538,13.572
6539,13.575
6540,13.578
6541,13.581
6542,13.584
6543,13.587
6544,13.59
6545,13.593
6546,13.596
6547,13.599
6548,13.602
6549,13.605
6550,13.608
6551,13.611
6552,13.614
6553,13.617
6554,13.62
6555,13.623
6556,13.626
6557,13.629
6558,13.632
6559,13.635
6560,13.638
6561,13.641
6562,13.644
6563,13.647
6564,13.65
6565,13.653
6566,13.656
6567,13.659
6568,13.662
6569,13.665
6570,13.668
6571,13.671
6572,13.674
6573,13.677
6574,13.68
6575,13.683
6576,13.686
6577,13.689
6578,13.692
6579,13.695
6580,13.698
6581,13.701
6582,13.704
6583,13.707
6584,13.71
6585,13.713
6586,13.716
6587,13.719
6588,13.722
6589,13.725
6590,13.728
6591,13.731
6592,13.734
6593,13.737
6594,13.74
6595,13.743
6596,13.746
6597,13.749
6598,13.752
6599,13.755
6600,13.758
6601,13.761
6602,13.764
6603,13.767
6604,13.77
6605,13.773
6606,13.776
6607,13.779
6608,13.782
6609,13.785
6610,13.788
6611,13.791
6612,13.794
6613,13.797
6614,13.8
6615,13.803
6616,13.806
6617,13.809
6618,13.812
6619,13.815
6620,13.818
6621,13.821
6622,13.824
6623,13.827
6624,13.83
6625,13.833
6626,13.836
6627,13.839
6628,13.842
6629,13.845
6630,13.848
6631,13.851
6632,13.854
6633,13.857
6634,13.86
6635,13.863
6636,13.866
6637,13.869
6638,13.872
6639,13.875
6640,13.878
6641,13.881
6642,13.884
6643,13.887
6644,13.89
6645,13.893
6646,13.896
6647,13.899
6648,13.902
6649,13.905
6650,13.908
6651,13.911
6652,13.914
6653,13.917
6654,13.92
6655,13.923
6656,13.926
6657,13.929
6658,13.932
6659,13.935
6660,13.938
6661,13.941
6662,13.944
6663,13.947
6664,13.95
6665,13.953
6666,13.956
6667,13.959
6668,13.962
6669,13.965
6670,13.968
6671,13.971
6672,13.974
6673,13.977
6674,13.98
6675,13.983
6676,13.986
6677,13.989
6678,13.992
6679,13.995
6680,13.998
6681,14.001
6682,14.004
6683,14.007
6684,14.01
6685,14.013
6686,14.016
6687,14.019
6688,14.022
6689,14.025
6690,14.028
6691,14.031
6692,14.034
6693,14.037
6694,14.04
6695,14.043
6696,14.046
6697,14.049
6698,14.052
6699,14.055
6700,14.058
6701,14.061
6702,14.064
6703,14.067
6704,14.07
6705,14.073
6706,14.076
6707,14.079
6708,14.082
6709,14.085
6710,14.088
6711,14.091
6712,14.094
6713,14.097
6714,14.1
6715,14.103
6716,14.106
6717,14.109
6718,14.112
6719,14.115
6720,14.118
6721,14.121
6722,14.124
6723,14.127
6724,14.13
6725,14.133
6726,14.136
6727,14.139
6728,14.142
6729,14.145
6730,14.148
6731,14.151
6732,14.154
6733,14.157
6734,14.16
6735,14.163
6736,14.166
6737,14.169
6738,14.172
6739,14.175
6740,14.178
6741,14.181
6742,14.184
6743,14.187
6744,14.19
6745,14.193
6746,14.196
6747,14.199
6748,14.202
6749,14.205
6750,14.208
6751,14.211
6752,14.214
6753,14.217
6754,14.22
6755,14.223
6756,14.226
6757,14.229
6758,14.232
6759,14.235
6760,14.238
6761,14.241
6762,14.244
6763,14.247
6764,14.25
6765,14.253
6766,14.256
6767,14.259
6768,14.262
6769,14.265
6770,14.268
6771,14.271
6772,14.274
6773,14.277
6774,14.28
6775,14.283
6776,14.286
6777,14.289
6778,14.292
6779,14.295
6780,14.298
6781,14.301
6782,14.304
6783,14.307
6784,14.31
6785,14.313
6786,14.316
6787,14.319
6788,14.322
6789,14.325
6790,14.328
6791,14.331
6792,14.334
6793,14.337
6794,14.34
6795,14.343
6796,14.346
6797,14.349
6798,14.352
6799,14.355
6800,14.358
6801,14.361
6802,14.364
6803,14.367
6804,14.37
6805,14.373
6806,14.376
6807,14.379
6808,14.382
6809,14.385
6810,14.388
6811,14.391
6812,14.394
6813,14.397
6814,14.4
6815,14.403
6816,14.406
6817,14.409
6818,14.412
6819,14.415
6820,14.418
6821,14.421
6822,14.424
6823,14.427
6824,14.43
6825,14.433
6826,14.436
6827,14.439
6828,14.442
6829,14.445
6830,14.448
6831,14.451
6832,14.454
6833,14.457
6834,14.46
6835,14.463
6836,14.466
6837,14.469
6838,14.472
6839,14.475
6840,14.478
6841,14.481
6842,14.484
6843,14.487
6844,14.49
6845,14.493
6846,14.496
6847,14.499
6848,14.502
6849,14.505
6850,14.508
6851,14.511
6852,14.514
6853,14.517
6854,14.52
6855,14.523
6856,14.526
6857,14.529
6858,14.532
6859,14.535
6860,14.538
6861,14.541
6862,14.544
6863,14.547
6864,14.55
6865,14.553
6866,14.556
6867,14.559
6868,14.562
6869,14.565
6870,14.568
6871,14.571
6872,14.574
6873,14.577
6874,14.58
6875,14.583
6876,14.586
6877,14.589
6878,14.592
6879,14.595
6880,14.598
6881,14.601
6882,14.604
6883,14.607
6884,14.61
6885,14.613
6886,14.616
6887,14.619
6888,14.622
6889,14.625
6890,14.628
6891,14.631
6892,14.634
6893,14.637
6894,14.64
6895,14.643
6896,14.646
6897,14.649
6898,14.652
6899,14.655
6900,14.658
6901,14.661
6902,14.664
6903,14.667
6904,14.67
6905,14.673
6906,14.676
6907,14.679
6908,14.682
6909,14.685
6910,14.688
6911,14.691
6912,14.694
6913,14.697
6914,14.7
6915,14.703
6916,14.706
6917,14.709
6918,14.712
6919,14.715
6920,14.718
6921,14.721
6922,14.724
6923,14.727
6924,14.73
6925,14.733
6926,14.736
6927,14.739
6928,14.742
6929,14.745
6930,14.748
6931,14.751
6932,14.754
6933,14.757
6934,14.76
6935,14.763
6936,14.766
6937,14.769
6938,14.772
6939,14.775
6940,14.778
6941,14.781
6942,14.784
6943,14.787
6944,14.79
6945,14.793
6946,14.796
6947,14.799
6948,14.802
6949,14.805
6950,14.808
6951,14.811
6952,14.814
6953,14.817
6954,14.82
6955,14.823
6956,14.826
6957,14.829
6958,14.832
6959,14.835
6960,14.838
6961,14.841
6962,14.844
6963,14.847
6964,14.85
6965,14.853
6966,14.856
6967,14.859
6968,14.862
6969,14.865
6970,14.868
6971,14.871
6972,14.874
6973,14.877
6974,14.88
6975,14.883
6976,14.886
6977,14.889
6978,14.892
6979,14.895
6980,14.898
6981,14.901
6982,14.904
6983,14.907
6984,14.91
6985,14.913
6986,14.916
6987,14.919
6988,14.922
6989,14.925
6990,14.928
6991,14.931
6992,14.934
6993,14.937
6994,14.94
6995,14.943
6996,14.946
6997,14.949
6998,14.952
6999,14.955
7000,14.958
7001,14.961
7002,14.964
7003,14.967
7004,14.97
7005,14.973
7006,14.976
7007,14.979
7008,14.982
7009,14.985
7010,14.988
7011,14.991
7012,14.994
7013,14.997
7014,15
